ID,Direccion,Atributo_1,Atributo_2,Atributo_3,Latitud,Longitud
1,"Av Corrientes 1234, Buenos Aires",13000,0.6,3,-34.6044623,-58.395836
2,"Florida 500, Buenos Aires",9000,0.6,4,-34.6023972,-58.3753277
3,"Lavalle 1870, Buenos Aires",21000,0.9,5,-34.6032594,-58.3935111
4,"Suipacha 560, Buenos Aires",15000,0.2,2,-34.6017866,-58.3796318
5,"Viamonte 700, Buenos Aires",25000,0.3,4,-34.5999872,-58.3766988
6,"Mitre 740, Buenos Aires",8000,0.75,4,-37.3231414,-59.1360486
7,"Paraguay 1430, Buenos Aires",30000,0.85,5,-34.5983711,-58.387354
8,1195 Av Belgrano Ciudad Autonoma de Buenos Aires,12000,0.4,3,-34.6131011,-58.3831161
9,"Av Santa Fe 2500, Buenos Aires",22000,0.45,4,-34.5946609,-58.4022997
10,"Florida 700, Buenos Aires",11000,0.21,3,-34.5999702,-58.3754402
