ID,Direccion,Atributo_1,Atributo_2,Atributo_3
1,"Av Corrientes 1234, Buenos Aires",13000,0.60,3
2,"Florida 500, Buenos Aires",9000,0.60,4
3,"Lavalle 1870, Buenos Aires",21000,0.90,5
4,"Suipacha 560, Buenos Aires",15000,0.20,2
5,"Viamonte 700, Buenos Aires",25000,0.30,4
6,"Mitre 740, Buenos Aires",8000,0.75,4
7,"Paraguay 1430, Buenos Aires",30000,0.85,5
8,"1195 Av Belgrano Ciudad Autonoma de Buenos Aires",12000,0.40,3
9,"Av Santa Fe 2500, Buenos Aires",22000,0.45,4
10,"Florida 700, Buenos Aires",11000,0.21,3